Handle,Title,Body (HTML),Vendor,Type,Tags,Published,Option1 Name,Option1 Value,Variant Inventory Tracker,Variant Inventory Qty,Variant Inventory Policy,Variant Fulfillment Service,Variant Price,Variant Compare At Price,Variant Requires Shipping,Variant Taxable,Image Src,Status
tap-cleaner-limescale-remover,Tap cleaner & limescale remover,<p>Plant-based tap cleaner and limescale remover.</p>,Purelane,Homecare,"bestseller,bathroom",TRUE,Title,Default Title,shopify,40,deny,manual,200.00,299.00,TRUE,TRUE,https://raw.githubusercontent.com/Theanushkaraghuvanshi/purelane-shopify-dawn/main/seed/images/p-tap.png,active
kitchen-cleaner-foaming,"Kitchen cleaner, foaming",<p>Foaming kitchen cleaner that cuts grease.</p>,Purelane,Homecare,"bestseller,kitchen",TRUE,Title,Default Title,shopify,40,deny,manual,200.00,299.00,TRUE,TRUE,https://raw.githubusercontent.com/Theanushkaraghuvanshi/purelane-shopify-dawn/main/seed/images/p-kitchen.png,active
copper-bronze-brass-cleaner,"Copper, bronze & brass cleaner",<p>Restores shine on copper, bronze and brass.</p>,Purelane,Homecare,"top-rated,kitchen",TRUE,Title,Default Title,shopify,40,deny,manual,200.00,299.00,TRUE,TRUE,https://raw.githubusercontent.com/Theanushkaraghuvanshi/purelane-shopify-dawn/main/seed/images/p-metal.png,active
washing-machine-cleaner-descaler,Washing machine cleaner & descaler,<p>Descaler tablets for washing machines.</p>,Purelane,Homecare,"new,laundry",TRUE,Title,Default Title,shopify,40,deny,manual,200.00,299.00,TRUE,TRUE,https://raw.githubusercontent.com/Theanushkaraghuvanshi/purelane-shopify-dawn/main/seed/images/p-wm.png,active
dishwash-gel,Dishwash gel,<p>Plant-based dishwash gel, soft on hands.</p>,Purelane,Homecare,kitchen,TRUE,Title,Default Title,shopify,40,deny,manual,200.00,299.00,TRUE,TRUE,https://raw.githubusercontent.com/Theanushkaraghuvanshi/purelane-shopify-dawn/main/seed/images/p-dish.png,active
floor-cleaner,Floor cleaner,<p>Natural herbal floor cleaner.</p>,Purelane,Homecare,home,TRUE,Title,Default Title,shopify,40,deny,manual,200.00,299.00,TRUE,TRUE,https://raw.githubusercontent.com/Theanushkaraghuvanshi/purelane-shopify-dawn/main/seed/images/p-floor.png,active
toilet-cleaner,Toilet cleaner,<p>Non-toxic toilet cleaner.</p>,Purelane,Homecare,bathroom,TRUE,Title,Default Title,shopify,40,deny,manual,200.00,299.00,TRUE,TRUE,https://raw.githubusercontent.com/Theanushkaraghuvanshi/purelane-shopify-dawn/main/seed/images/p-toilet.png,active
laundry-detergent,Laundry detergent,<p>Non-toxic laundry detergent.</p>,Purelane,Homecare,laundry,TRUE,Title,Default Title,shopify,40,deny,manual,200.00,299.00,TRUE,TRUE,https://raw.githubusercontent.com/Theanushkaraghuvanshi/purelane-shopify-dawn/main/seed/images/p-laundry.png,active
fabric-conditioner,Fabric conditioner,<p>Softens and freshens every wash.</p>,Purelane,Homecare,laundry,TRUE,Title,Default Title,shopify,20,deny,manual,200.00,299.00,TRUE,TRUE,,active
magic-eraser,Magic eraser,<p>Scrubs away soap scum.</p>,Purelane,Homecare,bathroom,TRUE,Title,Default Title,shopify,0,deny,manual,200.00,299.00,TRUE,TRUE,https://raw.githubusercontent.com/Theanushkaraghuvanshi/purelane-shopify-dawn/main/seed/images/p-eraser.png,active
plant-based-concentrated-washing-machine-cleaner-and-hard-water-descaler-tablets-for-front-load-and-top-load-machines,Purelane Plant-Based Concentrated Washing Machine Cleaner & Hard Water Descaler Tablets for Front Load and Top Load Machines,<p>Long-title fixture for theme QA.</p>,Purelane,Homecare,laundry,TRUE,Title,Default Title,shopify,12,deny,manual,200.00,299.00,TRUE,TRUE,https://raw.githubusercontent.com/Theanushkaraghuvanshi/purelane-shopify-dawn/main/seed/images/p-wm.png,active
kitchen-essentials,Kitchen essentials,<p>Includes: Foaming Kitchen Cleaner, Dishwash Gel &amp; Tap Cleaner. Everything for a sparkling kitchen, no need to pick separately.</p>,Purelane,Combo,combo,TRUE,Title,Default Title,shopify,30,deny,manual,499.00,897.00,TRUE,TRUE,https://raw.githubusercontent.com/Theanushkaraghuvanshi/purelane-shopify-dawn/main/seed/images/p-kitchen.png,active
laundry-care-bundle,Laundry care bundle,<p>Includes: Laundry Detergent, Fabric Conditioner &amp; Machine Cleaner Powder. Softer, fresher wash, all in one box.</p>,Purelane,Combo,combo,TRUE,Title,Default Title,shopify,30,deny,manual,499.00,947.00,TRUE,TRUE,https://raw.githubusercontent.com/Theanushkaraghuvanshi/purelane-shopify-dawn/main/seed/images/p-laundry.png,active
complete-home-bundle,Complete home bundle,<p>Includes: Kitchen Cleaner, Laundry Detergent, Floor Cleaner, Toilet Cleaner &amp; Handwash. Our biggest saving box.</p>,Purelane,Combo,combo,TRUE,Title,Default Title,shopify,30,deny,manual,799.00,1495.00,TRUE,TRUE,https://raw.githubusercontent.com/Theanushkaraghuvanshi/purelane-shopify-dawn/main/seed/images/p-combo2.png,active
bathroom-deep-clean,Bathroom deep clean,<p>Includes: Toilet Cleaner, Tap Cleaner &amp; Magic Eraser. A complete bathroom refresh in one box.</p>,Purelane,Combo,combo,TRUE,Title,Default Title,shopify,30,deny,manual,499.00,897.00,TRUE,TRUE,https://raw.githubusercontent.com/Theanushkaraghuvanshi/purelane-shopify-dawn/main/seed/images/p-toilet.png,active
hard-water-solution-kit,Hard water solution kit,<p>Includes: Tap Cleaner &amp; Toilet Cleaner. A quick, focused fix for hard water stains across the home.</p>,Purelane,Combo,combo,TRUE,Title,Default Title,shopify,30,deny,manual,349.00,598.00,TRUE,TRUE,https://raw.githubusercontent.com/Theanushkaraghuvanshi/purelane-shopify-dawn/main/seed/images/p-tap.png,active
build-a-box-2,Build a box · 2 products,<p>Pick any two products. Flat price, free shipping.</p>,Purelane,Bundle offer,bundle,TRUE,Title,Default Title,shopify,50,deny,manual,349.00,598.00,TRUE,TRUE,https://raw.githubusercontent.com/Theanushkaraghuvanshi/purelane-shopify-dawn/main/seed/images/p-combo2.png,active
build-a-box-3,Build a box · 3 products,<p>Pick any three products. Flat price, free shipping.</p>,Purelane,Bundle offer,bundle,TRUE,Title,Default Title,shopify,50,deny,manual,499.00,897.00,TRUE,TRUE,https://raw.githubusercontent.com/Theanushkaraghuvanshi/purelane-shopify-dawn/main/seed/images/p-kitchen.png,active
build-a-box-5,Build a box · 5 products,<p>Pick any five products. Flat price, free shipping.</p>,Purelane,Bundle offer,bundle,TRUE,Title,Default Title,shopify,50,deny,manual,799.00,1495.00,TRUE,TRUE,https://raw.githubusercontent.com/Theanushkaraghuvanshi/purelane-shopify-dawn/main/seed/images/p-combo2.png,active
